"trade_id","session_id","symbol","side","open_time_utc","close_time_utc","price_open","price_close","quantity","net_pnl","gross_pnl","fees","realized_r","tags","account_currency","report_session_id","report_revision","report_cursor_index","report_execution_event_sequence","report_dataset_sha256","report_filters","report_balance_basis"
"replay-pos-1","39b1d068edd64e75864f692f27237852","EURUSD","BUY","1704067260","1704067320","1.1002","1.1005","0.1","1","","","","","USD","39b1d068edd64e75864f692f27237852","123","60","180","c432b9eb5f4e47fcbcf97737bfa746fe40286a89ceebd2b05711a6f86d41d046","{""side"":""all"",""outcome"":""all"",""from"":"""",""to"":"""",""asset"":""all"",""tag"":""all"",""source"":""all"",""weekday"":""all"",""hour"":""all"",""timezone"":""Asia/Ho_Chi_Minh"",""search"":""""}","all closed trades replayed from result starting balance; floating P/L and cashflow unavailable"
"replay-pos-4","39b1d068edd64e75864f692f27237852","EURUSD","BUY","1704067320","1704067380","1.1002","1.10055","0.1","1.5","","","","","USD","39b1d068edd64e75864f692f27237852","123","60","180","c432b9eb5f4e47fcbcf97737bfa746fe40286a89ceebd2b05711a6f86d41d046","{""side"":""all"",""outcome"":""all"",""from"":"""",""to"":"""",""asset"":""all"",""tag"":""all"",""source"":""all"",""weekday"":""all"",""hour"":""all"",""timezone"":""Asia/Ho_Chi_Minh"",""search"":""""}","all closed trades replayed from result starting balance; floating P/L and cashflow unavailable"
"replay-pos-7","39b1d068edd64e75864f692f27237852","EURUSD","BUY","1704067380","1704067440","1.1003","1.1006","0.1","1","","","","","USD","39b1d068edd64e75864f692f27237852","123","60","180","c432b9eb5f4e47fcbcf97737bfa746fe40286a89ceebd2b05711a6f86d41d046","{""side"":""all"",""outcome"":""all"",""from"":"""",""to"":"""",""asset"":""all"",""tag"":""all"",""source"":""all"",""weekday"":""all"",""hour"":""all"",""timezone"":""Asia/Ho_Chi_Minh"",""search"":""""}","all closed trades replayed from result starting balance; floating P/L and cashflow unavailable"
"replay-pos-10","39b1d068edd64e75864f692f27237852","EURUSD","BUY","1704067440","1704067500","1.1003","1.10065","0.1","1.5","","","","","USD","39b1d068edd64e75864f692f27237852","123","60","180","c432b9eb5f4e47fcbcf97737bfa746fe40286a89ceebd2b05711a6f86d41d046","{""side"":""all"",""outcome"":""all"",""from"":"""",""to"":"""",""asset"":""all"",""tag"":""all"",""source"":""all"",""weekday"":""all"",""hour"":""all"",""timezone"":""Asia/Ho_Chi_Minh"",""search"":""""}","all closed trades replayed from result starting balance; floating P/L and cashflow unavailable"
"replay-pos-13","39b1d068edd64e75864f692f27237852","EURUSD","BUY","1704067500","1704067560","1.1004","1.1007","0.1","1","","","","","USD","39b1d068edd64e75864f692f27237852","123","60","180","c432b9eb5f4e47fcbcf97737bfa746fe40286a89ceebd2b05711a6f86d41d046","{""side"":""all"",""outcome"":""all"",""from"":"""",""to"":"""",""asset"":""all"",""tag"":""all"",""source"":""all"",""weekday"":""all"",""hour"":""all"",""timezone"":""Asia/Ho_Chi_Minh"",""search"":""""}","all closed trades replayed from result starting balance; floating P/L and cashflow unavailable"
"replay-pos-16","39b1d068edd64e75864f692f27237852","EURUSD","BUY","1704067560","1704067620","1.1004","1.10075","0.1","1.5","","","","","USD","39b1d068edd64e75864f692f27237852","123","60","180","c432b9eb5f4e47fcbcf97737bfa746fe40286a89ceebd2b05711a6f86d41d046","{""side"":""all"",""outcome"":""all"",""from"":"""",""to"":"""",""asset"":""all"",""tag"":""all"",""source"":""all"",""weekday"":""all"",""hour"":""all"",""timezone"":""Asia/Ho_Chi_Minh"",""search"":""""}","all closed trades replayed from result starting balance; floating P/L and cashflow unavailable"
"replay-pos-19","39b1d068edd64e75864f692f27237852","EURUSD","BUY","1704067620","1704067680","1.1005","1.1008","0.1","1","","","","","USD","39b1d068edd64e75864f692f27237852","123","60","180","c432b9eb5f4e47fcbcf97737bfa746fe40286a89ceebd2b05711a6f86d41d046","{""side"":""all"",""outcome"":""all"",""from"":"""",""to"":"""",""asset"":""all"",""tag"":""all"",""source"":""all"",""weekday"":""all"",""hour"":""all"",""timezone"":""Asia/Ho_Chi_Minh"",""search"":""""}","all closed trades replayed from result starting balance; floating P/L and cashflow unavailable"
"replay-pos-22","39b1d068edd64e75864f692f27237852","EURUSD","BUY","1704067680","1704067740","1.1005","1.10085","0.1","1.5","","","","","USD","39b1d068edd64e75864f692f27237852","123","60","180","c432b9eb5f4e47fcbcf97737bfa746fe40286a89ceebd2b05711a6f86d41d046","{""side"":""all"",""outcome"":""all"",""from"":"""",""to"":"""",""asset"":""all"",""tag"":""all"",""source"":""all"",""weekday"":""all"",""hour"":""all"",""timezone"":""Asia/Ho_Chi_Minh"",""search"":""""}","all closed trades replayed from result starting balance; floating P/L and cashflow unavailable"
"replay-pos-25","39b1d068edd64e75864f692f27237852","EURUSD","BUY","1704067740","1704067800","1.1006","1.1009","0.1","1","","","","","USD","39b1d068edd64e75864f692f27237852","123","60","180","c432b9eb5f4e47fcbcf97737bfa746fe40286a89ceebd2b05711a6f86d41d046","{""side"":""all"",""outcome"":""all"",""from"":"""",""to"":"""",""asset"":""all"",""tag"":""all"",""source"":""all"",""weekday"":""all"",""hour"":""all"",""timezone"":""Asia/Ho_Chi_Minh"",""search"":""""}","all closed trades replayed from result starting balance; floating P/L and cashflow unavailable"
"replay-pos-28","39b1d068edd64e75864f692f27237852","EURUSD","BUY","1704067800","1704067860","1.1006","1.10095","0.1","1.5","","","","","USD","39b1d068edd64e75864f692f27237852","123","60","180","c432b9eb5f4e47fcbcf97737bfa746fe40286a89ceebd2b05711a6f86d41d046","{""side"":""all"",""outcome"":""all"",""from"":"""",""to"":"""",""asset"":""all"",""tag"":""all"",""source"":""all"",""weekday"":""all"",""hour"":""all"",""timezone"":""Asia/Ho_Chi_Minh"",""search"":""""}","all closed trades replayed from result starting balance; floating P/L and cashflow unavailable"
"replay-pos-31","39b1d068edd64e75864f692f27237852","EURUSD","BUY","1704067860","1704067920","1.1007","1.101","0.1","1","","","","","USD","39b1d068edd64e75864f692f27237852","123","60","180","c432b9eb5f4e47fcbcf97737bfa746fe40286a89ceebd2b05711a6f86d41d046","{""side"":""all"",""outcome"":""all"",""from"":"""",""to"":"""",""asset"":""all"",""tag"":""all"",""source"":""all"",""weekday"":""all"",""hour"":""all"",""timezone"":""Asia/Ho_Chi_Minh"",""search"":""""}","all closed trades replayed from result starting balance; floating P/L and cashflow unavailable"
"replay-pos-34","39b1d068edd64e75864f692f27237852","EURUSD","BUY","1704067920","1704067980","1.1007","1.10105","0.1","1.5","","","","","USD","39b1d068edd64e75864f692f27237852","123","60","180","c432b9eb5f4e47fcbcf97737bfa746fe40286a89ceebd2b05711a6f86d41d046","{""side"":""all"",""outcome"":""all"",""from"":"""",""to"":"""",""asset"":""all"",""tag"":""all"",""source"":""all"",""weekday"":""all"",""hour"":""all"",""timezone"":""Asia/Ho_Chi_Minh"",""search"":""""}","all closed trades replayed from result starting balance; floating P/L and cashflow unavailable"
"replay-pos-37","39b1d068edd64e75864f692f27237852","EURUSD","BUY","1704067980","1704068040","1.1008","1.1011","0.1","1","","","","","USD","39b1d068edd64e75864f692f27237852","123","60","180","c432b9eb5f4e47fcbcf97737bfa746fe40286a89ceebd2b05711a6f86d41d046","{""side"":""all"",""outcome"":""all"",""from"":"""",""to"":"""",""asset"":""all"",""tag"":""all"",""source"":""all"",""weekday"":""all"",""hour"":""all"",""timezone"":""Asia/Ho_Chi_Minh"",""search"":""""}","all closed trades replayed from result starting balance; floating P/L and cashflow unavailable"
"replay-pos-40","39b1d068edd64e75864f692f27237852","EURUSD","BUY","1704068040","1704068100","1.1008","1.10115","0.1","1.5","","","","","USD","39b1d068edd64e75864f692f27237852","123","60","180","c432b9eb5f4e47fcbcf97737bfa746fe40286a89ceebd2b05711a6f86d41d046","{""side"":""all"",""outcome"":""all"",""from"":"""",""to"":"""",""asset"":""all"",""tag"":""all"",""source"":""all"",""weekday"":""all"",""hour"":""all"",""timezone"":""Asia/Ho_Chi_Minh"",""search"":""""}","all closed trades replayed from result starting balance; floating P/L and cashflow unavailable"
"replay-pos-43","39b1d068edd64e75864f692f27237852","EURUSD","BUY","1704068100","1704068160","1.1009","1.1012","0.1","1","","","","","USD","39b1d068edd64e75864f692f27237852","123","60","180","c432b9eb5f4e47fcbcf97737bfa746fe40286a89ceebd2b05711a6f86d41d046","{""side"":""all"",""outcome"":""all"",""from"":"""",""to"":"""",""asset"":""all"",""tag"":""all"",""source"":""all"",""weekday"":""all"",""hour"":""all"",""timezone"":""Asia/Ho_Chi_Minh"",""search"":""""}","all closed trades replayed from result starting balance; floating P/L and cashflow unavailable"
"replay-pos-46","39b1d068edd64e75864f692f27237852","EURUSD","BUY","1704068160","1704068220","1.1009","1.10125","0.1","1.5","","","","","USD","39b1d068edd64e75864f692f27237852","123","60","180","c432b9eb5f4e47fcbcf97737bfa746fe40286a89ceebd2b05711a6f86d41d046","{""side"":""all"",""outcome"":""all"",""from"":"""",""to"":"""",""asset"":""all"",""tag"":""all"",""source"":""all"",""weekday"":""all"",""hour"":""all"",""timezone"":""Asia/Ho_Chi_Minh"",""search"":""""}","all closed trades replayed from result starting balance; floating P/L and cashflow unavailable"
"replay-pos-49","39b1d068edd64e75864f692f27237852","EURUSD","BUY","1704068220","1704068280","1.101","1.1013","0.1","1","","","","","USD","39b1d068edd64e75864f692f27237852","123","60","180","c432b9eb5f4e47fcbcf97737bfa746fe40286a89ceebd2b05711a6f86d41d046","{""side"":""all"",""outcome"":""all"",""from"":"""",""to"":"""",""asset"":""all"",""tag"":""all"",""source"":""all"",""weekday"":""all"",""hour"":""all"",""timezone"":""Asia/Ho_Chi_Minh"",""search"":""""}","all closed trades replayed from result starting balance; floating P/L and cashflow unavailable"
"replay-pos-52","39b1d068edd64e75864f692f27237852","EURUSD","BUY","1704068280","1704068340","1.101","1.10135","0.1","1.5","","","","","USD","39b1d068edd64e75864f692f27237852","123","60","180","c432b9eb5f4e47fcbcf97737bfa746fe40286a89ceebd2b05711a6f86d41d046","{""side"":""all"",""outcome"":""all"",""from"":"""",""to"":"""",""asset"":""all"",""tag"":""all"",""source"":""all"",""weekday"":""all"",""hour"":""all"",""timezone"":""Asia/Ho_Chi_Minh"",""search"":""""}","all closed trades replayed from result starting balance; floating P/L and cashflow unavailable"
"replay-pos-55","39b1d068edd64e75864f692f27237852","EURUSD","BUY","1704068340","1704068400","1.1011","1.1014","0.1","1","","","","","USD","39b1d068edd64e75864f692f27237852","123","60","180","c432b9eb5f4e47fcbcf97737bfa746fe40286a89ceebd2b05711a6f86d41d046","{""side"":""all"",""outcome"":""all"",""from"":"""",""to"":"""",""asset"":""all"",""tag"":""all"",""source"":""all"",""weekday"":""all"",""hour"":""all"",""timezone"":""Asia/Ho_Chi_Minh"",""search"":""""}","all closed trades replayed from result starting balance; floating P/L and cashflow unavailable"
"replay-pos-58","39b1d068edd64e75864f692f27237852","EURUSD","BUY","1704068400","1704068460","1.1011","1.10145","0.1","1.5","","","","","USD","39b1d068edd64e75864f692f27237852","123","60","180","c432b9eb5f4e47fcbcf97737bfa746fe40286a89ceebd2b05711a6f86d41d046","{""side"":""all"",""outcome"":""all"",""from"":"""",""to"":"""",""asset"":""all"",""tag"":""all"",""source"":""all"",""weekday"":""all"",""hour"":""all"",""timezone"":""Asia/Ho_Chi_Minh"",""search"":""""}","all closed trades replayed from result starting balance; floating P/L and cashflow unavailable"
"replay-pos-61","39b1d068edd64e75864f692f27237852","EURUSD","BUY","1704068460","1704068520","1.1012","1.1015","0.1","1","","","","","USD","39b1d068edd64e75864f692f27237852","123","60","180","c432b9eb5f4e47fcbcf97737bfa746fe40286a89ceebd2b05711a6f86d41d046","{""side"":""all"",""outcome"":""all"",""from"":"""",""to"":"""",""asset"":""all"",""tag"":""all"",""source"":""all"",""weekday"":""all"",""hour"":""all"",""timezone"":""Asia/Ho_Chi_Minh"",""search"":""""}","all closed trades replayed from result starting balance; floating P/L and cashflow unavailable"
"replay-pos-64","39b1d068edd64e75864f692f27237852","EURUSD","BUY","1704068520","1704068580","1.1012","1.10155","0.1","1.5","","","","","USD","39b1d068edd64e75864f692f27237852","123","60","180","c432b9eb5f4e47fcbcf97737bfa746fe40286a89ceebd2b05711a6f86d41d046","{""side"":""all"",""outcome"":""all"",""from"":"""",""to"":"""",""asset"":""all"",""tag"":""all"",""source"":""all"",""weekday"":""all"",""hour"":""all"",""timezone"":""Asia/Ho_Chi_Minh"",""search"":""""}","all closed trades replayed from result starting balance; floating P/L and cashflow unavailable"
"replay-pos-67","39b1d068edd64e75864f692f27237852","EURUSD","BUY","1704068580","1704068640","1.1013","1.1016","0.1","1","","","","","USD","39b1d068edd64e75864f692f27237852","123","60","180","c432b9eb5f4e47fcbcf97737bfa746fe40286a89ceebd2b05711a6f86d41d046","{""side"":""all"",""outcome"":""all"",""from"":"""",""to"":"""",""asset"":""all"",""tag"":""all"",""source"":""all"",""weekday"":""all"",""hour"":""all"",""timezone"":""Asia/Ho_Chi_Minh"",""search"":""""}","all closed trades replayed from result starting balance; floating P/L and cashflow unavailable"
"replay-pos-70","39b1d068edd64e75864f692f27237852","EURUSD","BUY","1704068640","1704068700","1.1013","1.10165","0.1","1.5","","","","","USD","39b1d068edd64e75864f692f27237852","123","60","180","c432b9eb5f4e47fcbcf97737bfa746fe40286a89ceebd2b05711a6f86d41d046","{""side"":""all"",""outcome"":""all"",""from"":"""",""to"":"""",""asset"":""all"",""tag"":""all"",""source"":""all"",""weekday"":""all"",""hour"":""all"",""timezone"":""Asia/Ho_Chi_Minh"",""search"":""""}","all closed trades replayed from result starting balance; floating P/L and cashflow unavailable"
"replay-pos-73","39b1d068edd64e75864f692f27237852","EURUSD","BUY","1704068700","1704068760","1.1014","1.1017","0.1","1","","","","","USD","39b1d068edd64e75864f692f27237852","123","60","180","c432b9eb5f4e47fcbcf97737bfa746fe40286a89ceebd2b05711a6f86d41d046","{""side"":""all"",""outcome"":""all"",""from"":"""",""to"":"""",""asset"":""all"",""tag"":""all"",""source"":""all"",""weekday"":""all"",""hour"":""all"",""timezone"":""Asia/Ho_Chi_Minh"",""search"":""""}","all closed trades replayed from result starting balance; floating P/L and cashflow unavailable"
"replay-pos-76","39b1d068edd64e75864f692f27237852","EURUSD","BUY","1704068760","1704068820","1.1014","1.10175","0.1","1.5","","","","","USD","39b1d068edd64e75864f692f27237852","123","60","180","c432b9eb5f4e47fcbcf97737bfa746fe40286a89ceebd2b05711a6f86d41d046","{""side"":""all"",""outcome"":""all"",""from"":"""",""to"":"""",""asset"":""all"",""tag"":""all"",""source"":""all"",""weekday"":""all"",""hour"":""all"",""timezone"":""Asia/Ho_Chi_Minh"",""search"":""""}","all closed trades replayed from result starting balance; floating P/L and cashflow unavailable"
"replay-pos-79","39b1d068edd64e75864f692f27237852","EURUSD","BUY","1704068820","1704068880","1.1015","1.1018","0.1","1","","","","","USD","39b1d068edd64e75864f692f27237852","123","60","180","c432b9eb5f4e47fcbcf97737bfa746fe40286a89ceebd2b05711a6f86d41d046","{""side"":""all"",""outcome"":""all"",""from"":"""",""to"":"""",""asset"":""all"",""tag"":""all"",""source"":""all"",""weekday"":""all"",""hour"":""all"",""timezone"":""Asia/Ho_Chi_Minh"",""search"":""""}","all closed trades replayed from result starting balance; floating P/L and cashflow unavailable"
"replay-pos-82","39b1d068edd64e75864f692f27237852","EURUSD","BUY","1704068880","1704068940","1.1015","1.10185","0.1","1.5","","","","","USD","39b1d068edd64e75864f692f27237852","123","60","180","c432b9eb5f4e47fcbcf97737bfa746fe40286a89ceebd2b05711a6f86d41d046","{""side"":""all"",""outcome"":""all"",""from"":"""",""to"":"""",""asset"":""all"",""tag"":""all"",""source"":""all"",""weekday"":""all"",""hour"":""all"",""timezone"":""Asia/Ho_Chi_Minh"",""search"":""""}","all closed trades replayed from result starting balance; floating P/L and cashflow unavailable"
"replay-pos-85","39b1d068edd64e75864f692f27237852","EURUSD","BUY","1704068940","1704069000","1.1016","1.1019","0.1","1","","","","","USD","39b1d068edd64e75864f692f27237852","123","60","180","c432b9eb5f4e47fcbcf97737bfa746fe40286a89ceebd2b05711a6f86d41d046","{""side"":""all"",""outcome"":""all"",""from"":"""",""to"":"""",""asset"":""all"",""tag"":""all"",""source"":""all"",""weekday"":""all"",""hour"":""all"",""timezone"":""Asia/Ho_Chi_Minh"",""search"":""""}","all closed trades replayed from result starting balance; floating P/L and cashflow unavailable"
"replay-pos-88","39b1d068edd64e75864f692f27237852","EURUSD","BUY","1704069000","1704069060","1.1016","1.10195","0.1","1.5","","","","","USD","39b1d068edd64e75864f692f27237852","123","60","180","c432b9eb5f4e47fcbcf97737bfa746fe40286a89ceebd2b05711a6f86d41d046","{""side"":""all"",""outcome"":""all"",""from"":"""",""to"":"""",""asset"":""all"",""tag"":""all"",""source"":""all"",""weekday"":""all"",""hour"":""all"",""timezone"":""Asia/Ho_Chi_Minh"",""search"":""""}","all closed trades replayed from result starting balance; floating P/L and cashflow unavailable"
"replay-pos-91","39b1d068edd64e75864f692f27237852","EURUSD","BUY","1704069060","1704069120","1.1017","1.102","0.1","1","","","","","USD","39b1d068edd64e75864f692f27237852","123","60","180","c432b9eb5f4e47fcbcf97737bfa746fe40286a89ceebd2b05711a6f86d41d046","{""side"":""all"",""outcome"":""all"",""from"":"""",""to"":"""",""asset"":""all"",""tag"":""all"",""source"":""all"",""weekday"":""all"",""hour"":""all"",""timezone"":""Asia/Ho_Chi_Minh"",""search"":""""}","all closed trades replayed from result starting balance; floating P/L and cashflow unavailable"
"replay-pos-94","39b1d068edd64e75864f692f27237852","EURUSD","BUY","1704069120","1704069180","1.1017","1.10205","0.1","1.5","","","","","USD","39b1d068edd64e75864f692f27237852","123","60","180","c432b9eb5f4e47fcbcf97737bfa746fe40286a89ceebd2b05711a6f86d41d046","{""side"":""all"",""outcome"":""all"",""from"":"""",""to"":"""",""asset"":""all"",""tag"":""all"",""source"":""all"",""weekday"":""all"",""hour"":""all"",""timezone"":""Asia/Ho_Chi_Minh"",""search"":""""}","all closed trades replayed from result starting balance; floating P/L and cashflow unavailable"
"replay-pos-97","39b1d068edd64e75864f692f27237852","EURUSD","BUY","1704069180","1704069240","1.1018","1.1021","0.1","1","","","","","USD","39b1d068edd64e75864f692f27237852","123","60","180","c432b9eb5f4e47fcbcf97737bfa746fe40286a89ceebd2b05711a6f86d41d046","{""side"":""all"",""outcome"":""all"",""from"":"""",""to"":"""",""asset"":""all"",""tag"":""all"",""source"":""all"",""weekday"":""all"",""hour"":""all"",""timezone"":""Asia/Ho_Chi_Minh"",""search"":""""}","all closed trades replayed from result starting balance; floating P/L and cashflow unavailable"
"replay-pos-100","39b1d068edd64e75864f692f27237852","EURUSD","BUY","1704069240","1704069300","1.1018","1.10215","0.1","1.5","","","","","USD","39b1d068edd64e75864f692f27237852","123","60","180","c432b9eb5f4e47fcbcf97737bfa746fe40286a89ceebd2b05711a6f86d41d046","{""side"":""all"",""outcome"":""all"",""from"":"""",""to"":"""",""asset"":""all"",""tag"":""all"",""source"":""all"",""weekday"":""all"",""hour"":""all"",""timezone"":""Asia/Ho_Chi_Minh"",""search"":""""}","all closed trades replayed from result starting balance; floating P/L and cashflow unavailable"
"replay-pos-103","39b1d068edd64e75864f692f27237852","EURUSD","BUY","1704069300","1704069360","1.1019","1.1022","0.1","1","","","","","USD","39b1d068edd64e75864f692f27237852","123","60","180","c432b9eb5f4e47fcbcf97737bfa746fe40286a89ceebd2b05711a6f86d41d046","{""side"":""all"",""outcome"":""all"",""from"":"""",""to"":"""",""asset"":""all"",""tag"":""all"",""source"":""all"",""weekday"":""all"",""hour"":""all"",""timezone"":""Asia/Ho_Chi_Minh"",""search"":""""}","all closed trades replayed from result starting balance; floating P/L and cashflow unavailable"
"replay-pos-106","39b1d068edd64e75864f692f27237852","EURUSD","BUY","1704069360","1704069420","1.1019","1.10225","0.1","1.5","","","","","USD","39b1d068edd64e75864f692f27237852","123","60","180","c432b9eb5f4e47fcbcf97737bfa746fe40286a89ceebd2b05711a6f86d41d046","{""side"":""all"",""outcome"":""all"",""from"":"""",""to"":"""",""asset"":""all"",""tag"":""all"",""source"":""all"",""weekday"":""all"",""hour"":""all"",""timezone"":""Asia/Ho_Chi_Minh"",""search"":""""}","all closed trades replayed from result starting balance; floating P/L and cashflow unavailable"
"replay-pos-109","39b1d068edd64e75864f692f27237852","EURUSD","BUY","1704069420","1704069480","1.102","1.1023","0.1","1","","","","","USD","39b1d068edd64e75864f692f27237852","123","60","180","c432b9eb5f4e47fcbcf97737bfa746fe40286a89ceebd2b05711a6f86d41d046","{""side"":""all"",""outcome"":""all"",""from"":"""",""to"":"""",""asset"":""all"",""tag"":""all"",""source"":""all"",""weekday"":""all"",""hour"":""all"",""timezone"":""Asia/Ho_Chi_Minh"",""search"":""""}","all closed trades replayed from result starting balance; floating P/L and cashflow unavailable"
"replay-pos-112","39b1d068edd64e75864f692f27237852","EURUSD","BUY","1704069480","1704069540","1.102","1.10235","0.1","1.5","","","","","USD","39b1d068edd64e75864f692f27237852","123","60","180","c432b9eb5f4e47fcbcf97737bfa746fe40286a89ceebd2b05711a6f86d41d046","{""side"":""all"",""outcome"":""all"",""from"":"""",""to"":"""",""asset"":""all"",""tag"":""all"",""source"":""all"",""weekday"":""all"",""hour"":""all"",""timezone"":""Asia/Ho_Chi_Minh"",""search"":""""}","all closed trades replayed from result starting balance; floating P/L and cashflow unavailable"
"replay-pos-115","39b1d068edd64e75864f692f27237852","EURUSD","BUY","1704069540","1704069600","1.1021","1.1024","0.1","1","","","","","USD","39b1d068edd64e75864f692f27237852","123","60","180","c432b9eb5f4e47fcbcf97737bfa746fe40286a89ceebd2b05711a6f86d41d046","{""side"":""all"",""outcome"":""all"",""from"":"""",""to"":"""",""asset"":""all"",""tag"":""all"",""source"":""all"",""weekday"":""all"",""hour"":""all"",""timezone"":""Asia/Ho_Chi_Minh"",""search"":""""}","all closed trades replayed from result starting balance; floating P/L and cashflow unavailable"
"replay-pos-118","39b1d068edd64e75864f692f27237852","EURUSD","BUY","1704069600","1704069660","1.1021","1.10245","0.1","1.5","","","","","USD","39b1d068edd64e75864f692f27237852","123","60","180","c432b9eb5f4e47fcbcf97737bfa746fe40286a89ceebd2b05711a6f86d41d046","{""side"":""all"",""outcome"":""all"",""from"":"""",""to"":"""",""asset"":""all"",""tag"":""all"",""source"":""all"",""weekday"":""all"",""hour"":""all"",""timezone"":""Asia/Ho_Chi_Minh"",""search"":""""}","all closed trades replayed from result starting balance; floating P/L and cashflow unavailable"
"replay-pos-121","39b1d068edd64e75864f692f27237852","EURUSD","BUY","1704069660","1704069720","1.1022","1.1025","0.1","1","","","","","USD","39b1d068edd64e75864f692f27237852","123","60","180","c432b9eb5f4e47fcbcf97737bfa746fe40286a89ceebd2b05711a6f86d41d046","{""side"":""all"",""outcome"":""all"",""from"":"""",""to"":"""",""asset"":""all"",""tag"":""all"",""source"":""all"",""weekday"":""all"",""hour"":""all"",""timezone"":""Asia/Ho_Chi_Minh"",""search"":""""}","all closed trades replayed from result starting balance; floating P/L and cashflow unavailable"
"replay-pos-124","39b1d068edd64e75864f692f27237852","EURUSD","BUY","1704069720","1704069780","1.1022","1.10255","0.1","1.5","","","","","USD","39b1d068edd64e75864f692f27237852","123","60","180","c432b9eb5f4e47fcbcf97737bfa746fe40286a89ceebd2b05711a6f86d41d046","{""side"":""all"",""outcome"":""all"",""from"":"""",""to"":"""",""asset"":""all"",""tag"":""all"",""source"":""all"",""weekday"":""all"",""hour"":""all"",""timezone"":""Asia/Ho_Chi_Minh"",""search"":""""}","all closed trades replayed from result starting balance; floating P/L and cashflow unavailable"
"replay-pos-127","39b1d068edd64e75864f692f27237852","EURUSD","BUY","1704069780","1704069840","1.1023","1.1026","0.1","1","","","","","USD","39b1d068edd64e75864f692f27237852","123","60","180","c432b9eb5f4e47fcbcf97737bfa746fe40286a89ceebd2b05711a6f86d41d046","{""side"":""all"",""outcome"":""all"",""from"":"""",""to"":"""",""asset"":""all"",""tag"":""all"",""source"":""all"",""weekday"":""all"",""hour"":""all"",""timezone"":""Asia/Ho_Chi_Minh"",""search"":""""}","all closed trades replayed from result starting balance; floating P/L and cashflow unavailable"
"replay-pos-130","39b1d068edd64e75864f692f27237852","EURUSD","BUY","1704069840","1704069900","1.1023","1.10265","0.1","1.5","","","","","USD","39b1d068edd64e75864f692f27237852","123","60","180","c432b9eb5f4e47fcbcf97737bfa746fe40286a89ceebd2b05711a6f86d41d046","{""side"":""all"",""outcome"":""all"",""from"":"""",""to"":"""",""asset"":""all"",""tag"":""all"",""source"":""all"",""weekday"":""all"",""hour"":""all"",""timezone"":""Asia/Ho_Chi_Minh"",""search"":""""}","all closed trades replayed from result starting balance; floating P/L and cashflow unavailable"
"replay-pos-133","39b1d068edd64e75864f692f27237852","EURUSD","BUY","1704069900","1704069960","1.1024","1.1027","0.1","1","","","","","USD","39b1d068edd64e75864f692f27237852","123","60","180","c432b9eb5f4e47fcbcf97737bfa746fe40286a89ceebd2b05711a6f86d41d046","{""side"":""all"",""outcome"":""all"",""from"":"""",""to"":"""",""asset"":""all"",""tag"":""all"",""source"":""all"",""weekday"":""all"",""hour"":""all"",""timezone"":""Asia/Ho_Chi_Minh"",""search"":""""}","all closed trades replayed from result starting balance; floating P/L and cashflow unavailable"
"replay-pos-136","39b1d068edd64e75864f692f27237852","EURUSD","BUY","1704069960","1704070020","1.1024","1.10275","0.1","1.5","","","","","USD","39b1d068edd64e75864f692f27237852","123","60","180","c432b9eb5f4e47fcbcf97737bfa746fe40286a89ceebd2b05711a6f86d41d046","{""side"":""all"",""outcome"":""all"",""from"":"""",""to"":"""",""asset"":""all"",""tag"":""all"",""source"":""all"",""weekday"":""all"",""hour"":""all"",""timezone"":""Asia/Ho_Chi_Minh"",""search"":""""}","all closed trades replayed from result starting balance; floating P/L and cashflow unavailable"
"replay-pos-139","39b1d068edd64e75864f692f27237852","EURUSD","BUY","1704070020","1704070080","1.1025","1.1028","0.1","1","","","","","USD","39b1d068edd64e75864f692f27237852","123","60","180","c432b9eb5f4e47fcbcf97737bfa746fe40286a89ceebd2b05711a6f86d41d046","{""side"":""all"",""outcome"":""all"",""from"":"""",""to"":"""",""asset"":""all"",""tag"":""all"",""source"":""all"",""weekday"":""all"",""hour"":""all"",""timezone"":""Asia/Ho_Chi_Minh"",""search"":""""}","all closed trades replayed from result starting balance; floating P/L and cashflow unavailable"
"replay-pos-142","39b1d068edd64e75864f692f27237852","EURUSD","BUY","1704070080","1704070140","1.1025","1.10285","0.1","1.5","","","","","USD","39b1d068edd64e75864f692f27237852","123","60","180","c432b9eb5f4e47fcbcf97737bfa746fe40286a89ceebd2b05711a6f86d41d046","{""side"":""all"",""outcome"":""all"",""from"":"""",""to"":"""",""asset"":""all"",""tag"":""all"",""source"":""all"",""weekday"":""all"",""hour"":""all"",""timezone"":""Asia/Ho_Chi_Minh"",""search"":""""}","all closed trades replayed from result starting balance; floating P/L and cashflow unavailable"
"replay-pos-145","39b1d068edd64e75864f692f27237852","EURUSD","BUY","1704070140","1704070200","1.1026","1.1029","0.1","1","","","","","USD","39b1d068edd64e75864f692f27237852","123","60","180","c432b9eb5f4e47fcbcf97737bfa746fe40286a89ceebd2b05711a6f86d41d046","{""side"":""all"",""outcome"":""all"",""from"":"""",""to"":"""",""asset"":""all"",""tag"":""all"",""source"":""all"",""weekday"":""all"",""hour"":""all"",""timezone"":""Asia/Ho_Chi_Minh"",""search"":""""}","all closed trades replayed from result starting balance; floating P/L and cashflow unavailable"
"replay-pos-148","39b1d068edd64e75864f692f27237852","EURUSD","BUY","1704070200","1704070260","1.1026","1.10295","0.1","1.5","","","","","USD","39b1d068edd64e75864f692f27237852","123","60","180","c432b9eb5f4e47fcbcf97737bfa746fe40286a89ceebd2b05711a6f86d41d046","{""side"":""all"",""outcome"":""all"",""from"":"""",""to"":"""",""asset"":""all"",""tag"":""all"",""source"":""all"",""weekday"":""all"",""hour"":""all"",""timezone"":""Asia/Ho_Chi_Minh"",""search"":""""}","all closed trades replayed from result starting balance; floating P/L and cashflow unavailable"
"replay-pos-151","39b1d068edd64e75864f692f27237852","EURUSD","BUY","1704070260","1704070320","1.1027","1.103","0.1","1","","","","","USD","39b1d068edd64e75864f692f27237852","123","60","180","c432b9eb5f4e47fcbcf97737bfa746fe40286a89ceebd2b05711a6f86d41d046","{""side"":""all"",""outcome"":""all"",""from"":"""",""to"":"""",""asset"":""all"",""tag"":""all"",""source"":""all"",""weekday"":""all"",""hour"":""all"",""timezone"":""Asia/Ho_Chi_Minh"",""search"":""""}","all closed trades replayed from result starting balance; floating P/L and cashflow unavailable"
"replay-pos-154","39b1d068edd64e75864f692f27237852","EURUSD","BUY","1704070320","1704070380","1.1027","1.10305","0.1","1.5","","","","","USD","39b1d068edd64e75864f692f27237852","123","60","180","c432b9eb5f4e47fcbcf97737bfa746fe40286a89ceebd2b05711a6f86d41d046","{""side"":""all"",""outcome"":""all"",""from"":"""",""to"":"""",""asset"":""all"",""tag"":""all"",""source"":""all"",""weekday"":""all"",""hour"":""all"",""timezone"":""Asia/Ho_Chi_Minh"",""search"":""""}","all closed trades replayed from result starting balance; floating P/L and cashflow unavailable"
"replay-pos-157","39b1d068edd64e75864f692f27237852","EURUSD","BUY","1704070380","1704070440","1.1028","1.1031","0.1","1","","","","","USD","39b1d068edd64e75864f692f27237852","123","60","180","c432b9eb5f4e47fcbcf97737bfa746fe40286a89ceebd2b05711a6f86d41d046","{""side"":""all"",""outcome"":""all"",""from"":"""",""to"":"""",""asset"":""all"",""tag"":""all"",""source"":""all"",""weekday"":""all"",""hour"":""all"",""timezone"":""Asia/Ho_Chi_Minh"",""search"":""""}","all closed trades replayed from result starting balance; floating P/L and cashflow unavailable"
"replay-pos-160","39b1d068edd64e75864f692f27237852","EURUSD","BUY","1704070440","1704070500","1.1028","1.10315","0.1","1.5","","","","","USD","39b1d068edd64e75864f692f27237852","123","60","180","c432b9eb5f4e47fcbcf97737bfa746fe40286a89ceebd2b05711a6f86d41d046","{""side"":""all"",""outcome"":""all"",""from"":"""",""to"":"""",""asset"":""all"",""tag"":""all"",""source"":""all"",""weekday"":""all"",""hour"":""all"",""timezone"":""Asia/Ho_Chi_Minh"",""search"":""""}","all closed trades replayed from result starting balance; floating P/L and cashflow unavailable"
"replay-pos-163","39b1d068edd64e75864f692f27237852","EURUSD","BUY","1704070500","1704070560","1.1029","1.1032","0.1","1","","","","","USD","39b1d068edd64e75864f692f27237852","123","60","180","c432b9eb5f4e47fcbcf97737bfa746fe40286a89ceebd2b05711a6f86d41d046","{""side"":""all"",""outcome"":""all"",""from"":"""",""to"":"""",""asset"":""all"",""tag"":""all"",""source"":""all"",""weekday"":""all"",""hour"":""all"",""timezone"":""Asia/Ho_Chi_Minh"",""search"":""""}","all closed trades replayed from result starting balance; floating P/L and cashflow unavailable"
"replay-pos-166","39b1d068edd64e75864f692f27237852","EURUSD","BUY","1704070560","1704070620","1.1029","1.10325","0.1","1.5","","","","","USD","39b1d068edd64e75864f692f27237852","123","60","180","c432b9eb5f4e47fcbcf97737bfa746fe40286a89ceebd2b05711a6f86d41d046","{""side"":""all"",""outcome"":""all"",""from"":"""",""to"":"""",""asset"":""all"",""tag"":""all"",""source"":""all"",""weekday"":""all"",""hour"":""all"",""timezone"":""Asia/Ho_Chi_Minh"",""search"":""""}","all closed trades replayed from result starting balance; floating P/L and cashflow unavailable"
"replay-pos-169","39b1d068edd64e75864f692f27237852","EURUSD","BUY","1704070620","1704070680","1.103","1.1033","0.1","1","","","","","USD","39b1d068edd64e75864f692f27237852","123","60","180","c432b9eb5f4e47fcbcf97737bfa746fe40286a89ceebd2b05711a6f86d41d046","{""side"":""all"",""outcome"":""all"",""from"":"""",""to"":"""",""asset"":""all"",""tag"":""all"",""source"":""all"",""weekday"":""all"",""hour"":""all"",""timezone"":""Asia/Ho_Chi_Minh"",""search"":""""}","all closed trades replayed from result starting balance; floating P/L and cashflow unavailable"
"replay-pos-172","39b1d068edd64e75864f692f27237852","EURUSD","BUY","1704070680","1704070740","1.103","1.10335","0.1","1.5","","","","","USD","39b1d068edd64e75864f692f27237852","123","60","180","c432b9eb5f4e47fcbcf97737bfa746fe40286a89ceebd2b05711a6f86d41d046","{""side"":""all"",""outcome"":""all"",""from"":"""",""to"":"""",""asset"":""all"",""tag"":""all"",""source"":""all"",""weekday"":""all"",""hour"":""all"",""timezone"":""Asia/Ho_Chi_Minh"",""search"":""""}","all closed trades replayed from result starting balance; floating P/L and cashflow unavailable"
"replay-pos-175","39b1d068edd64e75864f692f27237852","EURUSD","BUY","1704070740","1704070800","1.1031","1.1034","0.1","1","","","","","USD","39b1d068edd64e75864f692f27237852","123","60","180","c432b9eb5f4e47fcbcf97737bfa746fe40286a89ceebd2b05711a6f86d41d046","{""side"":""all"",""outcome"":""all"",""from"":"""",""to"":"""",""asset"":""all"",""tag"":""all"",""source"":""all"",""weekday"":""all"",""hour"":""all"",""timezone"":""Asia/Ho_Chi_Minh"",""search"":""""}","all closed trades replayed from result starting balance; floating P/L and cashflow unavailable"
"replay-pos-178","39b1d068edd64e75864f692f27237852","EURUSD","BUY","1704070800","1704070860","1.1031","1.10345","0.1","1.5","","","","","USD","39b1d068edd64e75864f692f27237852","123","60","180","c432b9eb5f4e47fcbcf97737bfa746fe40286a89ceebd2b05711a6f86d41d046","{""side"":""all"",""outcome"":""all"",""from"":"""",""to"":"""",""asset"":""all"",""tag"":""all"",""source"":""all"",""weekday"":""all"",""hour"":""all"",""timezone"":""Asia/Ho_Chi_Minh"",""search"":""""}","all closed trades replayed from result starting balance; floating P/L and cashflow unavailable"